Model,ahiq,ckdn,cw_ssim,dists,fsim,gmsd,lpips,lpips+,lpips-vgg,lpips-vgg+,mad,ms_ssim,msswd,nlpd,pieapp,psnr,psnry,ssim,ssimc,stlpips,stlpips-vgg,topiq_fr,topiq_fr-pipal,vif,vsi,wadiqam_fr,arniqa,arniqa-csiq,arniqa-clive,arniqa-flive,arniqa-kadid,arniqa-live,arniqa-spaq,arniqa-tid,brisque,brisque_matlab,clipiqa,clipiqa+,clipiqa+_rn50_512,cnniqa,dbcnn,entropy,fid,hyperiqa,ilniqe,liqe,maniqa,maniqa-kadid,maniqa-pipal,musiq,musiq-ava,musiq-paq2piq,musiq-spaq,nima,nima-koniq,nima-spaq,nima-vgg16-ava,niqe,niqe_matlab,nrqm,paq2piq,pi,piqe,qalign_4bit,qalign_8bit,topiq_nr,topiq_nr-flive,topiq_nr-spaq,tres,tres-flive,unique,uranker,wadiqam_nr,laion_aes,topiq_iaa,topiq_iaa_res50
001_classicalSR_DF2K_s64w8_SwinIR-M_x4,0.46196548551321,0.670152468085289,0.9994594298617,0.195404116511345,0.944231353402138,0.098046266883612,0.270328787826002,0.267987264171243,0.301065025627613,0.305002137646079,118.950362426334,0.949895467701127,0.055303726643324,0.295794389992952,1.39072648465633,22.8346116638184,23.0010023880005,0.725125361723947,0.724886193739535,0.228722594790161,0.35331910289824,0.580613479614258,0.659560853838921,0.32994236946106,0.980573279466932,-0.065344855538569,0.716624730825424,0.865248143672943,0.680941137969494,0.738885707855225,0.702428368926048,0.738788703083992,0.732568137049675,0.539750129282475,40.2018334960937,40.3662457275391,0.394690544307232,0.592144399881363,0.410849324315786,0.613275273740292,0.552475720643997,7.56666317462921,57.3674202377535,0.628932836651802,36.098807323949,3.83236451625824,0.441045852303505,0.483245577812195,0.644757062196732,67.2244248962402,5.03662421703339,73.2043245697022,70.8288800811768,4.78719882488251,0.621956207752228,70.8036526107788,4.9696869134903,5.12583270816178,4.84059340351846,6.15886702060699,77.0603209686279,4.44245458871714,74.4058784103394,3.17703125,3.2135546875,0.588082544505596,0.736514303088188,0.692116987705231,81.0801947021484,91.0099293518067,1.46800216019154,2.1750428712368,-0.227071277843788,5.34777755737305,4.83526558637619,5.05334111213684
001_classicalSR_DIV2K_s48w8_SwinIR-M_x4,0.452517436146736,0.665254502892494,0.999566939785034,0.195786656141281,0.942181389927864,0.100626430362463,0.278955670297146,0.276773550286889,0.305252927541733,0.309373486042023,120.267001774793,0.948093157262682,0.063045168463141,0.299806279540062,1.4521855121851,22.6780738639832,22.8498822402954,0.717239625060847,0.716662981840997,0.236998742856085,0.363390986546874,0.569755662381649,0.652384717464447,0.323168119192123,0.979806421628791,-0.067131374031305,0.708959367871284,0.855436137914658,0.67254080414772,0.735249356031418,0.690846262574196,0.733368188738823,0.72096629679203,0.530912728905678,39.6653393554688,40.3789288711548,0.402534791231155,0.59380524456501,0.411160871386528,0.608126317858696,0.546337181031704,7.56747435092926,58.1156558558854,0.611025158166885,35.6959975786197,3.76489126205444,0.421582351028919,0.473595580756664,0.628839338719845,66.0792079544067,4.97948401927948,72.979001083374,69.9571108627319,4.72665679693222,0.609449406862259,69.4927098846436,4.90574207305908,5.09150285400864,4.78933109109371,6.0431839132309,76.747281036377,4.49901157995055,73.8499784088135,3.117958984375,3.15794921875,0.566615868806839,0.73165384888649,0.673213035166264,79.2119644165039,90.7260862731934,1.38482677429914,2.18193907022476,-0.254107689703815,5.32886400222778,4.78422515392303,4.99634854316711
003_ATD_SRx4_finetune,0.464046852886677,0.665907129645348,0.999542165981617,0.190668476819992,0.947816687226295,0.093756792619824,0.263519017249346,0.26093861375004,0.292269597500563,0.294962934404612,116.448120082929,0.952457499831638,0.054399903770536,0.287509093731642,1.37681213200092,23.0678232955933,23.2345290565491,0.734619801026154,0.734368495650648,0.222820791341364,0.346460697054863,0.586220272183418,0.661105849146843,0.341860878318548,0.981833453099184,-0.061340842121281,0.713415039777756,0.859515985250473,0.680951876044273,0.73703765809536,0.694828218221664,0.737132132649422,0.729654119610786,0.533822317421436,39.9593090820312,40.1846457099915,0.398137029707432,0.592187025249004,0.416676779538393,0.60754648566246,0.55607311040163,7.5640137720108,54.5480098431615,0.629785048961639,35.995541836085,3.83190369606018,0.440909614264965,0.475662623047829,0.642730327248573,66.8397535705566,5.04523359298706,73.1088668060303,70.3271216201782,4.77147773742676,0.6170250248909,69.9554479598999,4.95159015655518,5.13292645906085,4.84462054241281,6.18627140283585,76.9740034484863,4.42626236026233,73.7705099105835,3.18271484375,3.21947265625,0.589721544682979,0.73634942650795,0.694016471505165,81.4593587493897,90.9520515441895,1.45822398871183,2.16557738780975,-0.216009714779211,5.34223537921906,4.84956345558167,5.06286641597748
4xDRCT-XL,0.464666447043419,0.664208924174309,0.999386132363928,0.193924663662911,0.945090144276619,0.096170772500336,0.256656504273415,0.253750912062824,0.29983740106225,0.30403049685061,119.667514736061,0.951214584966908,0.056255861707032,0.293681564182043,1.35704621881247,22.8905521583557,23.0526103782654,0.72988833430015,0.729272905856486,0.220591759029776,0.338332316875458,0.586909971535206,0.663697163462639,0.334212843626738,0.980989266021221,-0.063743951342767,0.726167632341385,0.881127257347107,0.703368120193481,0.740948103070259,0.693744463324547,0.757312948703766,0.752646535634995,0.523714326322079,39.1907690429687,41.1035661125183,0.42850379601121,0.607269495129585,0.439451032280922,0.669231789112091,0.59058622866869,7.5767829656601,56.6580698706828,0.666794729828835,35.3567638274118,3.93852421045303,0.490084842741489,0.50093911588192,0.650401861071587,68.8575619506836,5.19812963962555,73.4545754241943,72.0798815917969,4.85137198925018,0.626262515485287,71.2010219192505,4.99995799541473,5.02086101545314,4.75835196179414,6.37916770935059,77.4644088745117,4.34364705963003,73.846912612915,3.317841796875,3.3600390625,0.647654427289963,0.743846614360809,0.729491238594055,87.9215535354614,91.6551118469238,1.60156023979187,2.14743504405022,-0.080510014690226,5.35099112987518,5.00815389871597,5.19159384250641
4x_nomos2_mosr,0.457020620703697,0.672623295783997,0.999394265439504,0.193953095078468,0.939823791980743,0.103577299378812,0.262009711042047,0.260154439881444,0.308951093554497,0.313315707743168,119.741824199235,0.946209655298598,0.058481854200363,0.314615835696459,1.37042013049126,22.3186837005615,22.4923303031921,0.712110904973796,0.710896948703439,0.230755118876696,0.347510317191482,0.56854838848114,0.657599598765373,0.310145237445831,0.978547175548827,-0.065741348005831,0.69858517229557,0.854559808373451,0.674283799529076,0.733199731707573,0.691095153093338,0.731011576652527,0.711655232608318,0.520883234143257,39.5181005859375,39.802015209198,0.412694608867168,0.598811862766743,0.413457985520363,0.624901918172836,0.538246633410454,7.59692656993866,58.5347361302725,0.607580269575119,35.5748836686431,3.67442152738571,0.420115769207478,0.478359793424606,0.614132336974144,66.0108723449707,4.95314503669739,73.0781864929199,70.1994731521607,4.67948021888733,0.607991215884686,70.4697091293335,4.86967689275742,4.99358487014868,4.76688827618871,5.9432221364975,76.8866262054443,4.48259691594812,71.3039030456543,3.057841796875,3.1267578125,0.560251389145851,0.73294706761837,0.677197183072567,79.0301923370361,90.8089167022705,1.38727966666222,2.30638069182634,-0.22995346013864,5.35225299835205,4.75713853120804,5.00084457397461
4x_nomos2_mosr_t,0.427035379111767,0.664680206775665,0.99935152447468,0.207064214944839,0.9326602602005,0.110557157695293,0.297961991503835,0.29635187715292,0.330675966888666,0.337337967902422,124.870789612438,0.941159736138901,0.07594080824405,0.325995519757271,1.58921705842018,22.0086367034912,22.1974135780334,0.691452165087664,0.689952352944586,0.263641933500767,0.382686709016561,0.531719893217087,0.636074495911598,0.289591967761517,0.976190774416896,-0.072055437136442,0.669549171328545,0.811654043197632,0.629005446434021,0.725848053097725,0.636079145073891,0.680744627118111,0.677901121377945,0.490782555341721,40.7602124023437,41.0518912506104,0.365140968561172,0.562100964784622,0.346536730378866,0.553083160221577,0.460199528038502,7.59923308372498,64.141873699441,0.492490186393261,36.7349149449752,3.301847833395,0.349228748977184,0.441265214085579,0.57149511039257,61.3130292510986,4.63565819740295,72.3222805786133,66.8049208068848,4.46664068460465,0.572387106716633,66.9502600479126,4.70172348737717,5.37847884430315,4.99642633075003,5.34685019493103,75.9498314666748,4.92979913362409,71.515491142273,2.68521484375,2.79134765625,0.456831817030907,0.713807050585747,0.599052747189999,67.0459296035767,89.5909097290039,1.0308204613626,2.33018144086003,-0.441306194029749,5.30662531852722,4.4840306520462,4.76902011871338
DAT_2_x4,0.462311491966248,0.667363272309303,0.999506815935884,0.19335745036602,0.946715687513351,0.094902874715626,0.270557243414223,0.268243692442775,0.295893981903791,0.299312932342291,117.405626572096,0.951509395654566,0.057548808772117,0.290006821602583,1.4099444937706,22.9796256637573,23.1505149459839,0.730477977348855,0.730086838691181,0.228845346048474,0.35573376826942,0.581039859950542,0.657859354019165,0.336676998436451,0.98140895932006,-0.062831011306262,0.711439573764801,0.853324058055878,0.675663432776928,0.737053355574608,0.690469023287296,0.731426758170128,0.723193770945072,0.532876171767712,40.5565551757813,40.3740705299377,0.393736964017153,0.594110902845859,0.413734046667814,0.600743925273418,0.547957410812378,7.56380503177643,56.1101224381154,0.622284021675587,36.4437643093616,3.79064795970917,0.434392926096916,0.474797983169556,0.639890689253807,66.7624632644653,5.0192626953125,73.0704685974121,70.2209552001953,4.75153703451157,0.614639389514923,69.8167250442505,4.94070780038834,5.19978367303714,4.87770920654621,6.05680379867554,76.8955136108398,4.55325025121125,74.4490398025513,3.145302734375,3.176953125,0.578265179097652,0.734616755843162,0.686271624863148,80.0119689178467,90.848786315918,1.42657178252935,2.1755450874567,-0.250506694762444,5.34128273487091,4.81003909826279,5.03390205860138
DAT_light_x4,0.424354875683784,0.660903338193893,0.999567559532793,0.205089694261551,0.938629390597343,0.104544608779252,0.312110312357545,0.310108710899949,0.318720089197159,0.323929295241833,123.539524333058,0.944803002649753,0.073986507710069,0.305919458419084,1.64522307038307,22.4509611320496,22.653706035614,0.702372194243444,0.700751086586196,0.26403249360621,0.399128025770187,0.539898936152458,0.633800909519195,0.309798247516155,0.97824932334366,-0.071314944056794,0.67947617650032,0.78856204688549,0.608588167130947,0.731393269300461,0.631967994570732,0.663306249380112,0.669859984815121,0.490442114770412,41.7452905273438,40.4229807662964,0.369113851487637,0.573471762239933,0.362316732406616,0.491838557124138,0.465563339591026,7.5669061088562,63.8679676941103,0.50497083812952,36.2073302969835,3.37816539525986,0.352857842594385,0.45193663418293,0.598414815664291,61.7996194076538,4.69046187400818,72.2826651000977,67.0255339813232,4.54362990617752,0.579098772704601,66.2151895523071,4.79892389535904,5.50462223166451,5.01696025442209,5.25816306352615,75.6706627655029,5.07925625541484,72.5663299560547,2.774248046875,2.84771484375,0.461197293400764,0.712364799976349,0.590437279939651,65.70410987854,89.316205291748,1.04110799908638,2.18998576104641,-0.501644333456643,5.2750831079483,4.50761021137238,4.76198229312897
DAT_S_x4,0.460503113567829,0.666439847350121,0.999512872669601,0.194426134228706,0.945711452364922,0.096177535094321,0.272302720174193,0.269982283264399,0.298227728754282,0.301823608651757,118.25046394423,0.950767829243251,0.058498419355601,0.292099810242653,1.41572650432587,22.9207471656799,23.0927654266357,0.727689809650717,0.727268432184737,0.23126742221415,0.357484231740236,0.578870157301426,0.65693391084671,0.333519675135612,0.981024049565443,-0.063721802332439,0.711863096952438,0.852647585272789,0.675362676382065,0.736799763441086,0.688961428701878,0.729111357927322,0.725208290219307,0.531542510986328,40.5930151367187,40.5185567855835,0.393384121209383,0.594149678349495,0.413263064622879,0.599654630422592,0.548922895789146,7.56419189453125,56.5707754790565,0.621647023260593,36.6813501829368,3.79237326383591,0.435128671526909,0.475423054099083,0.639564924240112,66.6902192687988,5.01488028526306,73.0428695678711,70.2959608840942,4.75078700304031,0.614057401120663,69.7464736175537,4.94379539012909,5.20129324445365,4.8799108499126,6.05148261070251,76.9021802520752,4.54118771418715,74.6763557052612,3.1428515625,3.1770703125,0.577683897018433,0.734330262541771,0.685209611356258,79.8018993377686,90.8516385650635,1.41980917572975,2.17574312984943,-0.252339373637224,5.34412854671478,4.81145980119705,5.03270036220551
DAT_x4,0.464644210338592,0.667129874229431,0.999520264443118,0.192049736976624,0.946898508667946,0.094695027284324,0.267521920204163,0.265046862848103,0.294158876538277,0.297257297486067,117.310211153117,0.951689808145924,0.057877412643284,0.289345382601023,1.39147925376892,23.0094126319885,23.1788842582703,0.731677417525474,0.731323239140372,0.226762484628707,0.352458042129874,0.584731630384922,0.660317358374596,0.337969445288181,0.98146321350501,-0.062468836819753,0.714632520675659,0.857521013021469,0.679134575724602,0.737845452427864,0.694008942842484,0.733669376373291,0.729402715265751,0.531849541664124,40.5455200195313,40.4832845306397,0.396119814962149,0.597769114077091,0.418216724991798,0.608019818663597,0.552665551304817,7.56399947166443,55.5114759082593,0.629752769768238,36.4668344984591,3.82963351964951,0.441588108241558,0.479288881123066,0.644509144425392,67.0251683807373,5.04283699512482,73.1319976043701,70.3215166473389,4.77068988323212,0.618581033349037,70.1337475967407,4.95609954357147,5.1312744075525,4.83855551319433,6.13335318088532,77.0179679870605,4.47356799737102,74.4272021484375,3.186884765625,3.2173828125,0.588596773147583,0.735955770611763,0.692756929993629,80.8565631866455,90.9549034881592,1.44764280021191,2.17039440572262,-0.227045682454482,5.34720513820648,4.84011377573013,5.05621773719788
DRCT-L_X4,0.468234066665173,0.664755460619926,0.999907879344661,0.186831679940224,0.946968424916267,0.09454085495323,0.270346623063087,0.267534329220653,0.290349388569593,0.293168115615845,116.01311923918,0.951629480191607,0.068600094988942,0.285555638819933,1.39653114199638,22.9998433113098,23.1705937385559,0.730652513059606,0.730247147746935,0.22119493054226,0.3499945089221,0.583742787539959,0.659341217875481,0.341262072622776,0.981496734349168,-0.062085698647425,0.710605413913727,0.848033862709999,0.674440062344074,0.736693075299263,0.683496422171593,0.726439607739449,0.726203649044037,0.522009376585484,39.2723803710937,40.0662881278992,0.411438919454813,0.611923187077045,0.424974827170372,0.61205906689167,0.546210764944553,7.56885272026062,53.0569718188737,0.612788709402084,35.2449533186042,3.79255213975906,0.427364354729652,0.472893557548523,0.639439288675785,66.6279538345337,5.01665482521057,73.0391913604736,69.9940762710571,4.74583011627197,0.614036821722984,70.0992335510254,4.93140107154846,4.94654917581035,4.69628982785448,6.22576341629028,76.7859853363037,4.39416079542399,71.9732720565796,3.13443359375,3.1680859375,0.572122160792351,0.732988319396973,0.679518820047379,78.9519892120361,90.7409258270264,1.38248496472836,2.14015672206879,-0.241790441176563,5.33372844696045,4.81078480482101,5.03494857311249
DRCT_X4,0.445378921329975,0.665203383564949,0.999589523186925,0.201245740056038,0.942249292135239,0.100176573432982,0.287614532224834,0.28506507627666,0.309435011595488,0.313840577602386,120.576139609617,0.948188448559886,0.062116426620633,0.29852805018425,1.51971819937229,22.6872081947327,22.8672330284119,0.716252151392085,0.715604269269334,0.244242070242763,0.374482280910015,0.563583251237869,0.647022622823715,0.322202839255333,0.979772418916388,-0.067501885155216,0.698553870916367,0.833867797255516,0.652240452170372,0.732210953235626,0.672057259678841,0.713042904734612,0.70520072132349,0.527103949487209,40.8143676757813,40.4910524177551,0.372970886081457,0.578712897002697,0.385655808746815,0.568352829217911,0.519517678320408,7.56484941482544,59.6557729587055,0.582097630500793,36.656242634383,3.60579566240311,0.399603307545185,0.462619213759899,0.621157173514366,64.8546190643311,4.87894655227661,72.7870497894287,69.2580065917969,4.67855527162552,0.601304878890514,68.6177956008911,4.88641582965851,5.20130487434184,4.85764141057213,5.83789902210236,76.4071220397949,4.70955208170467,74.6384227371216,2.9767578125,3.03025390625,0.529306335151196,0.726662816405296,0.647612926959992,74.652866973877,90.2774811553955,1.3017164644599,2.1656025403738,-0.352406931072473,5.31377602577209,4.68092688322067,4.92194865703583
epoch895_OmniSR,0.428067755997181,0.655161567926407,0.999671672543025,0.213263149857521,0.934729951620102,0.108692507408559,0.309214319959283,0.30721912689507,0.33221156552434,0.337932117581367,126.490863205663,0.942402763966643,0.078785808626562,0.309862550348043,1.67201958239079,22.3572237586975,22.5325192832947,0.694341596132,0.69428865408881,0.266296191066504,0.398990754261613,0.53480813652277,0.630563747286797,0.301449794471264,0.976884305217645,-0.073309401804581,0.691474785804749,0.822751724123955,0.651491252183914,0.732283580303192,0.649928441047668,0.710742898583412,0.689827882945538,0.510631349682808,41.9251245117188,40.9780888748169,0.357548208981752,0.551639993190765,0.361384882330894,0.589532210826874,0.506231466829777,7.56330218315125,66.6755462608658,0.566327530145645,38.8354612708117,3.49009823560715,0.388109064400196,0.421092141717672,0.588197375237942,62.8274913406372,4.8113653254509,72.324532623291,67.1609671401978,4.56498908996582,0.579460765123367,65.8916770553589,4.78887527942657,5.53922866311375,5.05633676413593,5.40972022771835,76.0604067230225,5.04390955218619,77.951835975647,2.8153515625,2.88765625,0.508124422430992,0.717325532436371,0.632367666065693,73.9424475479126,89.9264831542969,1.18384178668261,2.15217565596104,-0.345306845614104,5.31039031505585,4.61099878549576,4.8719361448288
epoch994_OmniSR,0.432101897895336,0.657746496200562,0.999616320056471,0.209330152273178,0.937361549735069,0.105855794660747,0.308167977482081,0.306403537020087,0.323486985117197,0.32888425052166,124.105992627927,0.94420304291609,0.074757870584726,0.305711454004049,1.63738048732281,22.475214805603,22.6494542694092,0.701056488393716,0.700815659464361,0.263364813961089,0.394106245934963,0.541578317284584,0.633928959369659,0.307815255969763,0.977856396242365,-0.071058957027271,0.688355669379234,0.811878930926323,0.638724814653397,0.731222348809242,0.641371887326241,0.696444195508957,0.684274705350399,0.507570367455482,42.4793676757813,40.9534388923645,0.352447238713503,0.553239159882069,0.361599224507809,0.567958824932575,0.502196814715862,7.56088641643524,64.6387420971695,0.558930942714214,38.6374025327993,3.50195998549461,0.383419003784656,0.422807177305222,0.596964175403118,62.8109273529053,4.78568251609802,72.415193862915,67.2259225845337,4.57141149759293,0.582727626860142,66.3399021148682,4.80423175096512,5.51094533644973,5.01910602743373,5.37271411180496,76.0162329864502,5.04093393439301,77.8191149520874,2.827080078125,2.88609375,0.500083182454109,0.718463008403778,0.627800154983997,72.1353261566162,89.8612168884277,1.17456807851791,2.16381252944469,-0.38464931268245,5.30532340049744,4.58848068475723,4.86302774906158
HAT-L_SRx4_ImageNet-pretrain,0.476221393048763,0.668971356749535,0.999451416429337,0.185473667383194,0.949347105026245,0.091634428426623,0.251107041463256,0.248086812719703,0.28339896440506,0.285626720786095,114.731291019478,0.954254140365203,0.053076541945338,0.285019113570452,1.31514821171761,23.1885819625854,23.3481225395203,0.743060386800733,0.742961091322792,0.210959251560271,0.332297801747918,0.602803339660168,0.670603384971619,0.349292142987251,0.982503941840991,-0.058408694225364,0.718097568750381,0.865283392071724,0.693324613571167,0.738712089657783,0.702899892032146,0.741536588668823,0.740785205960274,0.529426403641701,39.8230859375,40.2759987449646,0.403177723288536,0.608967927396297,0.434910723567009,0.626951242685318,0.564973161518574,7.56636390209198,52.0630029905103,0.652003154456615,35.857470316474,3.94062626838684,0.462467365562916,0.492802857160568,0.661284722089767,68.1977145385742,5.11478340148926,73.3638092803955,71.5391191101074,4.83618911266327,0.630115903019905,71.4161891174316,5.00420709133148,4.98732515884696,4.73243418160208,6.31969048500061,77.2832279205322,4.38157432698322,74.2886683654785,3.309345703125,3.32669921875,0.615680697858334,0.741385033726692,0.71469058573246,84.2097672653198,91.2896916198731,1.53087646782398,2.16206635832787,-0.183499574582092,5.36389808177948,4.91313626766205,5.12278795719147
HAT_SRx4,0.464009799063206,0.668134359121323,0.999492132634123,0.190915950536728,0.9462902790308,0.095394486896694,0.265560384988785,0.262755975574255,0.293273530304432,0.296684496998787,117.034640908681,0.951611966337704,0.054689650479704,0.291530978083611,1.38005741834641,22.9441222190857,23.1139771080017,0.731318113958001,0.730998176175024,0.222491684928536,0.348543836772442,0.586442900598049,0.661597697734833,0.337527095675468,0.981358695729998,-0.062339958574739,0.712023605108261,0.855691794753075,0.67809051156044,0.736439051032066,0.694789400100708,0.733605034947395,0.730267254710197,0.531834289729595,39.8819311523438,40.0363717651367,0.40211408033967,0.602553302049637,0.418855724036694,0.603216676712036,0.55160553663969,7.56675288677216,55.0063747128553,0.625880526304245,35.7920624881879,3.82098061561584,0.436057190299034,0.479429596662521,0.645209682881832,66.9453751373291,5.02884068965912,73.1665102386475,70.5136595916748,4.78879446268082,0.620666757822037,70.4154189682007,4.96106966018677,5.01537569181285,4.7474429516578,6.20546852111816,76.9428174591065,4.44808771463049,73.4668703842163,3.1717578125,3.202421875,0.582954195737839,0.735949401855469,0.689355669021607,80.4787678527832,90.9062963867187,1.4432723352313,2.16401672959328,-0.240337087311782,5.34253267288208,4.8251455283165,5.0463650894165
HAT_SRx4_ImageNet-pretrain,0.471390908062458,0.669039809703827,0.999477689234488,0.188588737249374,0.94786278963089,0.093318432718515,0.258559396713972,0.255584946870804,0.288476891070604,0.291160573065281,115.796877898406,0.953131810311603,0.05448813199997,0.287818990498781,1.35025333940983,23.0854663467407,23.2464022636414,0.738071009610169,0.737942195935127,0.216319405287504,0.340402271598577,0.595887248218059,0.666527726054192,0.343886806219816,0.982014702050028,-0.059966508662328,0.716109396219254,0.862481719255447,0.685931288599968,0.738480562567711,0.701306121647358,0.740319403409958,0.736231155395508,0.533318751752377,40.0202392578125,40.1170924949646,0.397058399170637,0.603291429281235,0.424488834142685,0.616654934585094,0.557038317322731,7.56612915992737,54.0222316343255,0.641737324893475,35.9212789245744,3.88188969612122,0.451171551048756,0.487047981917858,0.654840468168259,67.6866073226929,5.07847489833832,73.2859764862061,71.2361500549316,4.81034407138824,0.625724333524704,70.9687575531006,4.98499376296997,5.02852672552287,4.76762173931628,6.25442135572434,77.1609615325928,4.43222399874497,74.595126914978,3.245166015625,3.2712109375,0.602818266749382,0.739359013438225,0.704881485104561,82.5420555877686,91.1275940704346,1.49944135069847,2.16007129728794,-0.212248079371493,5.3533845949173,4.87299204349518,5.0960990190506
HAT-S_SRx4,0.460492215752602,0.6678031873703,0.999481039700806,0.193224055767059,0.945612567663193,0.096204546503723,0.269443841837346,0.266609883308411,0.296858006417751,0.300479916781187,117.694147786211,0.951028608754523,0.055772271491587,0.293190292268991,1.4019525706768,22.8968821334839,23.0691349983215,0.728779592856368,0.728372290065523,0.226310014948249,0.35356135122478,0.581772670149803,0.658731921315193,0.334423041790724,0.981116912973397,-0.063200363665819,0.710437079071999,0.852775990962982,0.674553295969963,0.736130754947662,0.690249466300011,0.731619964241981,0.724734782576561,0.532856937646866,40.0079565429687,40.1016913414002,0.397532689571381,0.596776372492313,0.412077504396439,0.605057532191277,0.547857726514339,7.56577164649963,55.4555975923762,0.619544058740139,35.847250959845,3.77880506753922,0.430313804745674,0.475203642547131,0.639833370745182,66.6274021911621,5.00313272476196,73.0893923950195,70.3286812210083,4.76302113294601,0.616925793588161,70.1015676879883,4.9529358959198,5.05234149174231,4.7591572618973,6.15574678897858,76.8749694061279,4.47954129472843,73.8103688430786,3.1418359375,3.1721484375,0.574577168822288,0.734184668660164,0.682315940260887,79.6792744064331,90.8387377929688,1.42270955324173,2.1679994738102,-0.257023875805899,5.33725047588348,4.80143729686737,5.02788244247437
PLKSR_X4_DF2K,0.44478134483099,0.663994076251984,0.999552534966113,0.203817014098167,0.940165110230446,0.102554849684238,0.293662349060178,0.29159465149045,0.315402668565512,0.320920112580061,121.923072226951,0.946494936582365,0.063394970595837,0.302163906991482,1.5340296882391,22.5891491699219,22.7672136497498,0.710225495241499,0.709919971010312,0.250964617729187,0.380760169774294,0.554707199037075,0.643558258414268,0.31636478215456,0.978946016151095,-0.069818729003891,0.70290384888649,0.836320898532867,0.657254321277142,0.733833314180374,0.675327883958816,0.715627027750015,0.702185436487198,0.528491980731487,41.2364282226563,40.602413520813,0.38175797149539,0.575883991122246,0.382072012573481,0.574605676829815,0.520030228495598,7.56645961761475,60.9664511715874,0.585702159702778,37.3798679884535,3.61230157852173,0.399857918918133,0.455426003932953,0.614817934036255,64.649528465271,4.88791539669037,72.6992398834229,68.5958517456055,4.65794851541519,0.595548029243946,67.964623298645,4.87172593832016,5.3503469121016,4.95890073506343,5.68389331579208,76.4243753051758,4.78805648298833,75.7690640640259,2.9801171875,3.0285546875,0.5310081371665,0.725339905619621,0.648427896201611,74.6780402755737,90.26834815979,1.2746918913722,2.17869653761387,-0.33631460852921,5.31265187263489,4.6796674656868,4.93086194515228
RealESRNet_x4plus,0.355125293135643,0.644266721606255,0.996188587100468,0.25248162984848,0.897364473342896,0.138609204217792,0.407620996534824,0.407624167352915,0.416801527142525,0.426348994672298,154.859096870475,0.920183623717122,0.251964063197374,0.369826057255268,2.14277455210686,20.9828160858154,21.4856043052673,0.633016845607051,0.615794359187388,0.372884474098682,0.478520389199257,0.445531080365181,0.567481172680855,0.216728894561529,0.961076379252596,-0.096892764084041,0.631145316362381,0.746273863911629,0.559308288097382,0.732037973999977,0.507843516469002,0.601172232627869,0.598446154594421,0.473808569610119,47.04943359375,42.4169278335571,0.30598963201046,0.508176759779453,0.292914004921913,0.497253848314285,0.448171320557594,7.57999837875366,116.423286584827,0.44712195828557,45.9587763717978,2.85638895273209,0.322960566282272,0.341051968038082,0.491817990243435,56.7152046203613,4.49235914707184,71.6640425109863,60.9570462799072,4.47749252796173,0.544799408912659,59.1259848022461,4.78890708446503,6.54281706267622,5.46551018210531,3.96901972293854,75.1623194122314,6.34241986987512,83.2483474731445,2.36537109375,2.44607421875,0.386709823906422,0.690756174921989,0.534376964867115,60.7037661743164,88.7980806732178,0.798191199526191,2.24108143746853,-0.590391096025705,5.32662159442902,4.19148342847824,4.72816153526306
RGT_S_x4,0.462280974984169,0.66750764131546,0.999519506196062,0.193051468729973,0.946426640152931,0.095247670151293,0.270412609912455,0.267919346913695,0.295868290364742,0.29915035918355,117.382021449333,0.951364314103772,0.056716332472861,0.290234806537628,1.40060723900795,22.973723526001,23.1458848190308,0.729910086255608,0.729549663914417,0.227801474221051,0.354946208819747,0.581700708866119,0.658884373903275,0.336270976513624,0.981336738074245,-0.063028356502764,0.713315787315369,0.853630960583687,0.676075093448162,0.737365407347679,0.69071007847786,0.732339465022087,0.725139510631561,0.533064258396626,40.2463500976563,40.3406241416931,0.395346772372723,0.593514977097511,0.411050649285316,0.599861796796322,0.546082563102245,7.56426944255829,55.6657029115303,0.620179017782211,36.1917371261839,3.79988432168961,0.432031668126583,0.47396242827177,0.64026016920805,66.6283469009399,4.99663868427277,73.0592050933838,70.2568550109863,4.75049838542938,0.614899579286575,69.8798017501831,4.93633932352066,5.2346874019622,4.90619860784236,6.07577121734619,76.9002523040771,4.55584355986482,74.4379341506958,3.144658203125,3.176875,0.576180739402771,0.733996987342835,0.682556492090225,79.6561992263794,90.8271328735352,1.42384641230106,2.17604933917522,-0.255618356743944,5.33763989448547,4.8034032702446,5.02286240100861
RGT_x4,0.466104408800602,0.66845586836338,0.999510165087911,0.190863174796104,0.9470054012537,0.094499303251505,0.265763483159244,0.263325319886208,0.292821011245251,0.295827636346221,116.969354805058,0.951940140891383,0.055392253212631,0.28903214558959,1.37630342781544,23.0198888206482,23.1890006637573,0.732796355529769,0.732444435648959,0.223794177621603,0.34906385935843,0.586799634993076,0.66244936466217,0.339195687174797,0.981562437840185,-0.062204539481318,0.716558025479317,0.860479201078415,0.678908045887947,0.738294280171394,0.696594679653644,0.736337723731995,0.729537341594696,0.533767991960049,40.0724389648437,40.3883771705627,0.401912368386984,0.600305599868298,0.418386327326298,0.611687889993191,0.552472164332867,7.56505183696747,55.5507266447475,0.630895090401173,36.0507612904776,3.85446001052856,0.441107933521271,0.481279149353504,0.647485639154911,67.2727806854248,5.05249382972717,73.1733660888672,70.7394483184815,4.7997701883316,0.622096988558769,70.5331876754761,4.97525489807129,5.12353908779602,4.82968916191478,6.16692519664764,77.0639986419678,4.46506413257002,74.2499831771851,3.20341796875,3.232890625,0.58947743922472,0.736376838684082,0.693273808956146,80.9930659103394,91.0158057403564,1.46947787731886,2.17296086192131,-0.220429400629364,5.34401927471161,4.85155761003494,5.0637247467041
SeemoRe_B_X4,0.435713124871254,0.657180697917938,0.999907015499193,0.207159864902496,0.937823954224586,0.105554240643978,0.320846926569939,0.318994116410613,0.323095155358314,0.328880891650915,123.27586442179,0.94377439141476,0.087591322790831,0.303012690842152,1.66870317101479,22.4411529350281,22.6297541809082,0.698546427819292,0.698091056938567,0.26546338967979,0.401929090023041,0.535444137752056,0.631754812002182,0.310979828983545,0.977920723728135,-0.072004670277238,0.69261556327343,0.805537315011024,0.629478613138199,0.732857378721237,0.636446940302849,0.685812438726425,0.682884550094604,0.503141783773899,42.5033129882813,41.0065349388123,0.364877190291882,0.563375039100647,0.355157263875008,0.551948755085468,0.486125836074352,7.56474732398987,62.0160883749412,0.529251454472542,38.3756087638598,3.46303026437759,0.369289333075285,0.435049414038658,0.591707228720188,61.8831994247437,4.7429597902298,72.2782922363281,66.4045339584351,4.53299194335938,0.574648303091526,66.0786095428467,4.77975139856339,5.54448093656206,5.09994464514819,5.35954362869263,75.8366945648193,5.02771973603501,76.694041557312,2.7869921875,2.84568359375,0.479599223136902,0.71342561006546,0.606707829833031,68.2629267883301,89.6220336151123,1.06760490745306,2.16285712599754,-0.433749028947204,5.27778248310089,4.54575417280197,4.81727180957794
SeemoRe_T_X4,0.424823904335499,0.655202280282974,0.999904161282275,0.21269907772541,0.934957142472267,0.108626979961991,0.33189206905663,0.330175061225891,0.332053349018097,0.338541824519634,125.463255830794,0.941715613801626,0.091704068854451,0.308114478290081,1.72870097398758,22.2932378005981,22.493134059906,0.6902876547015,0.689131676868848,0.275012052357197,0.413747325092554,0.523587063252926,0.625082158446312,0.302953118085861,0.97685440821629,-0.075082866530866,0.683378931283951,0.795936345458031,0.615580040216446,0.731714940071106,0.626974810957909,0.67167854309082,0.673288205564022,0.493082124292851,43.0039428710938,41.2244318199158,0.358495851457119,0.556482502520084,0.338845525830984,0.533751485943794,0.465129020512104,7.56624462604523,64.4451222235577,0.490867874324322,38.3553714607355,3.34580300211906,0.351306433081627,0.430439074635506,0.577997407913208,60.5610793685913,4.64939219713211,72.0795668029785,65.5146352005005,4.49042369604111,0.567484023869038,65.3826641082764,4.75033611059189,5.72290288303931,5.21855448866065,5.1778377866745,75.5428707122803,5.21632609341559,76.2909936523437,2.672724609375,2.756123046875,0.449925183653831,0.706728149056435,0.581832068562508,64.9861994934082,89.2516666412353,0.963134219050407,2.16892642617226,-0.481117763519287,5.26959875106812,4.46988880395889,4.74736775875092
spanx4_ch48,0.41925900220871,0.655072776675224,0.999590222772533,0.215153288841248,0.933411000370979,0.110177678689361,0.326350664868951,0.324708374738693,0.335947182178497,0.342765562534332,126.40805902023,0.941225978583998,0.077367745824158,0.313949297219515,1.72712176799774,22.2446959686279,22.4356611633301,0.689490775098891,0.688999682147216,0.278510968089104,0.414210243970156,0.523638196885586,0.624623144865036,0.297671600133181,0.976400912151348,-0.076039985511452,0.685753752589226,0.807995596528053,0.627013632059097,0.730118371248245,0.636025558114052,0.682725740075111,0.67489373087883,0.498923678100109,42.9605395507813,40.9018047714234,0.349770654886961,0.544357659220695,0.332440231144428,0.543984446227551,0.472142888009548,7.56656475543976,67.2851681045776,0.515704576075077,38.3086949679327,3.34260119557381,0.358612769842148,0.429207359850407,0.576234615445137,60.9886867904663,4.68858443975449,72.0649182891846,65.8974479675293,4.50148132801056,0.566595374643803,64.9785666656494,4.77097606658936,5.75328499553269,5.21285283700972,5.11478702068329,75.6220994567871,5.25265560424426,77.7933208847046,2.713828125,2.78708984375,0.462067581415176,0.708288670182228,0.594515015780926,67.2661243438721,89.3005388641357,1.02611739449203,2.19036011815071,-0.480095042241737,5.26488500595093,4.50018961429596,4.77441842079163
spanx4_ch52,0.42181612610817,0.655878876447678,0.99960280964144,0.214402061700821,0.934129856228828,0.109538071230054,0.32465288579464,0.322927175536752,0.333772199749947,0.340438061058521,125.927075781185,0.941713908002224,0.077762687467039,0.312451831996441,1.71635696768761,22.2802547264099,22.4731542015076,0.691568511424526,0.690946428509194,0.276864505559206,0.411970722824335,0.526115864515305,0.626307839751244,0.299851022213697,0.97666865261847,-0.075256659984589,0.688603574037552,0.809126819968223,0.630077899694443,0.73102125287056,0.640709335207939,0.685729138255119,0.678165287077427,0.501777361631393,42.7919091796875,40.8595842170715,0.35675194606185,0.550373070538044,0.340772221088409,0.54228272408247,0.476018298566341,7.56518408298492,67.1558246363704,0.520746349692345,38.2936588467181,3.37043279051781,0.362024501115084,0.431209333539009,0.581481798589229,61.3144164657593,4.70296516895294,72.1278251647949,66.1103165054321,4.50832706928253,0.569016745686531,65.2307298660278,4.77577304601669,5.71006779636362,5.19606147963108,5.14572348833084,75.6890091705322,5.19986719550048,77.536012840271,2.735146484375,2.80578125,0.466611306369305,0.709733628630638,0.597928282022476,67.5604155731201,89.3747637939453,1.04272645026445,2.18495669364929,-0.469719329252839,5.26382637023926,4.51864845752716,4.77131338596344
SRFormerLight_SRx4_DIV2K,0.433390919268131,0.659341297149658,0.99955788387505,0.209770461916924,0.937254599332809,0.105954197943211,0.301433983296156,0.298988584280014,0.326555745601654,0.332493920475244,124.048058862142,0.944422725633494,0.067015163358301,0.308096359819174,1.6049256592989,22.4246850967407,22.602919216156,0.702185737940775,0.702164977907298,0.259049097821116,0.389035536125302,0.542963036298752,0.636443482041359,0.30802854552865,0.977952896567909,-0.071705710114911,0.699428770542145,0.840474392771721,0.655320990085602,0.732903231978416,0.670195528268814,0.722468227148056,0.700122931003571,0.526742177605629,41.2472290039062,40.7612075996399,0.372748156636953,0.560358384251595,0.363788462430239,0.585680756270885,0.514581663608551,7.56329018115997,65.0512160861527,0.573386831879616,37.5840891488689,3.53993760228157,0.391752631664276,0.447265726923943,0.594796327054501,63.654268913269,4.85888696193695,72.588832244873,68.4645455551147,4.62055818319321,0.587821564376354,67.0061915588379,4.83675598621368,5.26464682151113,4.88676741567447,5.66128396749496,76.277728805542,4.84888791527475,77.242229347229,2.901962890625,2.9705078125,0.522651208639145,0.721874801516533,0.639855225980282,74.8045471191406,90.1990847015381,1.25807478576899,2.16916519105434,-0.34252264068462,5.29738474845886,4.66249913454056,4.90946038246155
SRFormer_SRx4_DF2K,0.4616999822855,0.670072711110115,0.999495187414012,0.193956729769707,0.944956094622612,0.097122524417937,0.271330070719123,0.268657100349665,0.298291634470224,0.301921412423253,118.236951475897,0.950651477609487,0.054895467367023,0.294457460939884,1.40006673395634,22.8567414093018,23.0250862121582,0.727631152516712,0.727417871065053,0.228058419078588,0.353878423050046,0.581387079954147,0.658863685131073,0.332718002945185,0.980884281732906,-0.063912650293205,0.71392852127552,0.859929217100143,0.677210102975368,0.737631139159203,0.695995818376541,0.736176066398621,0.72777969956398,0.537661914825439,40.6214135742188,40.0315944099426,0.393155692517757,0.595909360051155,0.410611162781715,0.606658962666988,0.547256720066071,7.5663046503067,56.4164359717605,0.622339179515839,36.5629988579875,3.79147836446762,0.434914432764053,0.475776288211346,0.641758962869644,66.721735458374,5.00711704730988,73.1197217559815,70.3766100311279,4.77356442928314,0.618808817267418,70.4413778305054,4.95663851261139,5.11534490922924,4.80942852009771,6.10490317821503,76.9505515289307,4.55238646910991,74.557304725647,3.14810546875,3.17873046875,0.578793154060841,0.734950753450394,0.685508626699448,79.9793543243408,90.8957174682617,1.43419185578823,2.16529197454452,-0.253385375458747,5.34045963287354,4.80619573116303,5.04496160030365
Swin2SR_ClassicalSR_X4_64,0.460262660086155,0.667646731138229,0.999472477667555,0.19505584359169,0.944461430311203,0.09754342854023,0.271308639273047,0.26898032605648,0.300629815608263,0.304542438238859,118.713287885551,0.950057871475198,0.057637989316136,0.294990953505039,1.40990785956383,22.8555256652832,23.0213767242432,0.725308227059206,0.725174137838372,0.229220597967505,0.356121468544006,0.577862967550754,0.657598958015442,0.330021952688694,0.980691677388612,-0.06426545670256,0.713364847898483,0.859211709499359,0.677366529107094,0.737118418812752,0.698402656912804,0.73626904964447,0.727087388038635,0.536659881174564,39.9675903320312,40.2812642669678,0.39159276753664,0.589709983170033,0.405828793942928,0.604957303106785,0.545290585756302,7.56417419433594,57.1634572678431,0.624796736836433,36.1360858797888,3.79675671100616,0.43382520377636,0.479363023042679,0.639086227715015,66.8204342269897,5.01096217632294,73.1064107513428,70.6054239273071,4.76242385864258,0.617150095403194,70.1872496032715,4.94221681594849,5.13057772276306,4.82010195267803,6.10543046474457,76.9262850189209,4.4888688455921,75.1770038604736,3.156630859375,3.1923828125,0.580018872022629,0.734650076031685,0.686396488249302,80.3419202423096,90.8912418365479,1.43330388367176,2.17729846179485,-0.25114980423823,5.34142030239105,4.80377371311188,5.03271032810211
